URL,Title,Photo,Rating,Price,Description
https://www.daraz.com.np/catalog/?spm=a2a0e.searchlist.cate_6.5.6ca355a3zrHeVR&q=Smartphones&from=hp_categories&src=all_channel,Buy Smartphones Online at Best Price in Nepal - Daraz.com.np,https://static-01.daraz.com.np/p/d02ae4232c3cfc7ae21c8e593d496c5c.jpg,4.7,N/A,N/A
https://www.daraz.com.np/products/apple-iphone-14-evostore-i122734579.html,Apple iPhone 14 - EvoStore | Daraz.com.np,['https://static-01.daraz.com.np/p/d65fcc269c9fcd49b534cb7f02c95a4e.jpg'],N/A,N/A,"Design: Ceramic Shield front, Glass back and aluminum design   Capacity: 128GB, 256GB, 512GB   Display: 6.1‚Äëinch all‚Äëscreen OLED Super Retina XDR display with 2532‚Äëby‚Äë1170-pixel resolution at 460 ppi   Chip : A15 Bionic chip   Processor: 6‚Äëcore CPU with 2 performance and 4 efficiency cores, 5‚Äëcore GPU, 16‚Äëcore Neural Engine   Operating System: iOS 16   Rear Camera: Dual-camera system: 12MP Main: 26 mm, ∆í/1.5 aperture, sensor‚Äëshift optical image stabilization, seven‚Äëelement lens, 100% Focus Pixels, 12MP Ultra Wide: 13 mm, ∆í/2.4 aperture and 120¬∞ field of view, five‚Äëelement lens   Front Camera: 12MP camera, ∆í/1.9 aperture Autofocus with Focus Pixels   Video Recording: 4K video recording at 24 fps, 25 fps, 30 fps, or 60 fps, 1080p HD video recording at 25 fps, 30 fps, or 60 fps, 720p HD video recording at 30 fps, Cinematic mode up to 4K HDR at 30 fps, Action mode up to 2.8K at 60 fps   Battery: Built-in rechargeable lithium-ion battery, MagSafe wireless charging up to 15W, Qi wireless charging up to 7.5W, Charging via USB to computer system or power adapter   Fast-charge capable: Up to 50% charge in around 30 minutes"
https://www.daraz.com.np/products/m-horse-ultra-smartphone-8128gb-i418435369.html,M-HORSE S25 Ultra Smartphone 8/128GB | Daraz.com.np,['https://static-01.daraz.com.np/p/254f6beaf430c49dab2a2ca3f68d00cd.jpg'],N/A,N/A,"COLOR: sunset Gold/Ice Blue/Purple ¬†NETWORK -¬†Technology: GSM /WCDMA / VOLTE ¬†2G bands: GSM 850 / 900 / 1800 / 1900 ; 3G bands: WCDMA 850/900 2100;¬† 4G bands: FDD B1/3/5/7/8/20 TDD B28/40 BODY -¬†Weight: 287g ; BackCover: Electroplate PC ¬†DISPLAY -¬†Type: incell; Size: 6.6 inche s; Resolution: 720 x 1600 pixels PLATFORM¬†- OS: Android 13.0 ; CPU: Octa-Core ¬†MEMORY¬†- Card slot: Nano SIM+Nano SIM + SD Card Slot ; RAM/ROM: RAM 8GB+ ROM 128GB ¬†MAIN CAMERA -¬†Dual: 8MP FF,Front +16MP AF,Rear ; Features: LED flash COMMS¬†- WLAN: Wi-Fi Direct, hotspot ; Bluetooth: BT4.2 ; GPS: Support ; USB: Type-C / 5V 1.5A Fast charger ¬†EATURES -¬†Sensors: G-Sensor/L-Sensor/Side Fingerprint ¬† BATTERY -¬†Type: Polymer 5000mAh IN-BUILT"
https://www.daraz.com.np/products/infinix-gt-30-pro-5g-8256gb-678-inch-ltps-amoled-144hz-16002000-nits-peak-brightness-mediatek-dimensity-8350-ultimat-5500mah-battery-45w-wired-30w-wireless-charging-i420086621.html,"Infinix GT 30 Pro 5G (8/256GB) | 6.78-inch LTPS AMOLED, 144Hz, 1,600‚Äì2,000 nits peak brightness| MediaTek Dimensity 8350 Ultimat | 5500mAh Battery | 45W wired, 30W wireless charging | Daraz.com.np",['https://static-01.daraz.com.np/p/2f15b98d086668a5247eda03f9c312b1.jpg'],N/A,N/A,"Infinix GT 30 Pro Specifications:Display:¬†6.78-inch LTPS AMOLED, 144Hz, 1,600‚Äì2,000 nits peak brightness Chipset:¬†MediaTek Dimensity 8350 Ultimate RAM:¬†8GB / 12GB LPDDR5X Storage:¬†256GB / 512GB UFS 4.0, microSD expandable Rear Cameras:¬†108MP main, 8MP ultrawide, 2MP macro Front Camera:¬†13MP Battery:¬†5,500 mAh (5,200 mAh in some regions) Charging:¬†45W wired, 30W wireless charging Bypass Charging:¬†Supported Operating System:¬†XOS 15 based on Android 15 Other Features:¬†Cyber Mecha Design 2.0, RGB lighting, GT triggers, in-display fingerprint sensor, IP64 rating Infinix GT 30 Pro Specifications:Display:¬†6.78-inch LTPS AMOLED, 144Hz, 1,600‚Äì2,000 nits peak brightnessChipset:¬†MediaTek Dimensity 8350 UltimateRAM:¬†8GB / 12GB LPDDR5XStorage:¬†256GB / 512GB UFS 4.0, microSD expandableRear Cameras:¬†108MP main, 8MP ultrawide, 2MP macroFront Camera:¬†13MPBattery:¬†5,500 mAh (5,200 mAh in some regions)Charging:¬†45W wired, 30W wireless chargingBypass Charging:¬†SupportedOperating System:¬†XOS 15 based on Android 15Other Features:¬†Cyber Mecha Design 2.0, RGB lighting, GT triggers, in-display fingerprint sensor, IP64 rating"
https://www.daraz.com.np/products/honor-x7c-108-mp-camera-6000-mah-battery-i167656829.html,Honor X7c || 108 MP Camera || 6000 mAh Battery | Daraz.com.np,['https://np-live-21.slatic.net/kf/Sf29884646ad64f7a951e87e49218fd41m.jpg'],N/A,N/A,"Honor X7c SpecificationsDesign: Flat frame and edges with monotone, patterned or chequered back panel, IP64-ratedDimensions: 166.90 mm x 76.80 mm x 8.09 or 8.24 mmWeight: 194 or 196 gramsDisplay: 6.77‚Äù TFT LCD Panel, 120Hz refresh rate, 1.76M colour depth, 2‚Äì850 nits brightnessResolution: HD+ (720 x 1,610)Chipset: Octa-core Qualcomm Snapdragon 4 Gen 2 (4nm) or 685 (6nm)RAM: 6GB or 8GB + Up to 8GB extendableROM: 128GB or 256GBOS & UI: Android 14 with MagicOS 8.0 on topRear Camera: Dual Camera (108MP Primary + 2MP Depth Sensor)Front Camera: 8MP Camera (Centre-aligned hole-punch cutout)Battery: 6,000 mAh Lithium Polymer cell with 35W chargingConnectivity: 4G cellular, Dual-band WiFi, Bluetooth v5.0, NFC, USB Type-C, 3.5mm headphone jackHonor X7c SpecificationsDesign: Flat frame and edges with monotone, patterned or chequered back panel, IP64-ratedDimensions: 166.90 mm x 76.80 mm x 8.09 or 8.24 mmWeight: 194 or 196 gramsDisplay: 6.77‚Äù TFT LCD Panel, 120Hz refresh rate, 1.76M colour depth, 2‚Äì850 nits brightnessResolution: HD+ (720 x 1,610)Chipset: Octa-core Qualcomm Snapdragon 4 Gen 2 (4nm) or 685 (6nm)RAM: 6GB or 8GB + Up to 8GB extendableROM: 128GB or 256GBOS & UI: Android 14 with MagicOS 8.0 on topRear Camera: Dual Camera (108MP Primary + 2MP Depth Sensor)Front Camera: 8MP Camera (Centre-aligned hole-punch cutout)Battery: 6,000 mAh Lithium Polymer cell with 35W chargingConnectivity: 4G cellular, Dual-band WiFi, Bluetooth v5.0, NFC, USB Type-C, 3.5mm headphone jack"
https://www.daraz.com.np/products/m-16-pro-max-664-8128-golden-black-i396117392.html,M 16 Pro Max 6/64-8/128 (Golden-Black) | Daraz.com.np,['https://static-01.daraz.com.np/p/2f19e1726e29a320b149b1983de5c433.jpg'],N/A,N/A,M 16 Pro Max 6/64-8/64 1 year warenty 4 G net 6.67 inch displaye Iphone 16 pro max cober glass milchha M horse compani 6/64 4g net 2 Sim 16 Pro max cover glass milchha 1 year warenty
https://www.daraz.com.np/products/bontel-v100-mobile-1800-mah-big-battery-w-fm-unic-keypad-mobile-i119110853.html,Bontel V100 Mobile | 1800 Mah Big Battery | W Fm Unic Keypad Mobile | Daraz.com.np,['https://static-01.daraz.com.np/p/dc8910b32a1bb382f105281e16fab7df.jpg'],N/A,N/A,Cute Design with 1800 mah battery powerfull speaker Dual sim Spotlight torch Wireless Fm
https://www.daraz.com.np/products/blackview-shark-9-5g-8gb256gb-free-airbuds4-offer-50mp-camera-90hz-refresh-rate-5000mah-battery-18w-fast-charging-i181684536.html,Blackview SHARK 9 5G (8GB+256GB) | FREE AirBuds4 OFFER | 50MP Camera | 90Hz Refresh Rate | 5000mAh Battery | 18W Fast Charging | Daraz.com.np,['https://static-01.daraz.com.np/p/75ebcf1528940eb4dc956548257a57d7.jpg'],N/A,N/A,"Model: SHARK 9 Color: Starry Rock Black, Azure Wave Blue Dimension: 164.8*75.6*8.65mm Weight: 200g OS: DokeOS 4.0 Based on Android 14 Display: 6.67-inch HD+IPS,720*1604 Resolution,90Hz Refresh Rate,85% Screen-to-body Ratio CPU: Octa-core 5G Unisoc T820 RAM & ROM: 8GB RAM & 256GB ROM, LPDDR4X+ UFS2.2 TF Expansion: Up to 2TB Expansion Battery: 5000mAh; 18W Fast Charging Front Camera: 8MP Samsung¬Æ ISOCELL 4H7 Rear Camera: 50MP Main (Samsung¬Æ ISOCELL JN1)2MP Macro +2MP Depth Speaker: 2PCS Smart-PA Box Speakers Navigation: GPS+GLONASS+Galileo+Beidou Card Slot: Dual; 2*SIM/1*SlM +1*TF Card NFC: Support Dual 5G VOLTE: Support Wi-Fi & Bluetooth: 802.11 a/b/g/n/ac, BT 5.0 Network Connectivity: 2G Band:B2/B3/B5/B83G Band: B1/B2/B5/B84G Band:B1/B2/B3/B4/B5/B7/B8/B12/B17/B19/B20/B26/B28AB/B38/B39/B40/B41/B665G Band:n1/2/3/5/7/8/20/26/28/38/40/41/66/77/78"
https://www.daraz.com.np/products/blackview-n2000-flip-4g-mobile-phone-red-blue-black-i171335490.html,Blackview N2000 FLIP 4G MOBILE PHONE | RED | BLUE | BLACK | Daraz.com.np,['https://static-01.daraz.com.np/p/504fb2972ce2d2b45ca757abd1193a50.jpg'],N/A,N/A,"Introducing Blackview N2000 Flip 4G phone for the first time in Nepal at an unbeatable price.  Colors : Black, Blue, Red   Dimension : 108.4*57*19MM   Weight : 112g  Display : Main screen 2.8 inch QVGA 240*320,secondary screen 1.77 inch QQVGA 128*160   Bluetooth : 4.2  RAM & ROM : 48 MB + 128MB  SIM Slot : Dual ; 2 SIMs/1*SIM + 1*TF Card Cameras : REAR 0.3M Battery : 1500mAh Network connectivity : GSM spec B2/B3/B5/B8 3G spec B1/B8 4G:FDD:B1/B3/B7/B8/B20/B28A/B28B TDD:B40/B41  Wi-Fi : NO Introducing Blackview N2000 Flip 4G phone for the first time in Nepal at an unbeatable price.The¬†Blackview N2000 Flip Phone¬†combines the classic flip phone design with modern technology, offering simplicity, style, and essential features. Whether you‚Äôre looking for a reliable backup phone or a device for daily use, the N2000 stands out for its durability and practicality.Key Features:Dual Display:¬†The Blackview N2000 Flip Phone features a 2.8-inch primary display for easy navigation and usage, while the 1.77-inch external screen provides quick access to notifications and calls without needing to open the phone.Unisoc T107 Processor:¬†Powered by the efficient Unisoc T107 processor, this flip phone ensures smooth performance, making it a reliable device for everyday use.1500mAh Battery:¬†With a 1500mAh battery, enjoy long-lasting battery life, providing hours of talk time and days of standby time. Ideal for those who want a phone that can keep up with their busy lifestyle.Dual SIM, 4G Supported:¬†Stay connected with dual SIM support and 4G connectivity, allowing you to use two numbers on one device and enjoy faster internet speeds."
https://www.daraz.com.np/products/infinix-hot-60pro-8gb128gb-678-amoled-display-mediatek-helio-g200-5160-mah-battery-i474404302.html,"Infinix HOT 60Pro | 8GB+128GB | 6.78"" AMOLED Display | MediaTek Helio G200 | 5160 mAh Battery | | Daraz.com.np",['https://static-01.daraz.com.np/p/1ed019a88dd09faf19c215e95dbae46f.jpg'],N/A,N/A,"Operating System: XOS 15.1.1 (Based on Android 15) Chipset: MediaTek Helio G200 (6nm) CPU: Octa core    GPU: Mali-G57 MC2  Expandable Storage: Up to 2TB via Micro SD Display Size: 6.78"" AMOLED display , 144 Hz  Design : 6.6 mm , Ultra Slim Frame , 170 g Light Weight. Cover Glass: Corning Gorilla Glass 7i IP64 Splashproof. Camera : Rear Camera: 50MP    Front Camera: 13MP Flash: Rear Dual Flash Video Recording: 2K @30fps | 1080p @60/30fps | 720p @30fps | Slow Motion: 720p @120fps (rear only) Camera Modes: Vlog, AI Cam, Portrait, Super Night, Pro, Panorama, Documents, AIGC Portrait, Dual Video, Time-Lapse, Sky Shop, Slow Motion Battery : 5160mAh (typical) Fast Charging: 45W ,Reverse Charging: upto 10W) Bluetooth: v5.4  Sensors: G-Sensor, E-Compass, Gyroscope , Light Sensor, Proximity Sensor , Fingerprint Sensor (under display) , Infrared Blaster , Vibration Motor Other Features: Always-On Display, SGS Low Blue Light Certification, Sleep Aid Mode, 2160Hz PWM Dimming Operating System: XOS 15.1.1 (Based on Android 15)Chipset: MediaTek Helio G200 (6nm)CPU: Octa core    GPU: Mali-G57 MC2 Expandable Storage: Up to 2TB via Micro SDDisplay Size: 6.78"" AMOLED display , 144 Hz Design : 6.6 mm , Ultra Slim Frame , 170 g Light Weight.Cover Glass: Corning Gorilla Glass 7iIP64 Splashproof.Camera : Rear Camera: 50MP    Front Camera: 13MPFlash: Rear Dual FlashVideo Recording: 2K @30fps | 1080p @60/30fps | 720p @30fps | Slow Motion: 720p @120fps (rear only)Camera Modes: Vlog, AI Cam, Portrait, Super Night, Pro, Panorama, Documents, AIGC Portrait, Dual Video, Time-Lapse, Sky Shop, Slow MotionBattery : 5160mAh (typical)Fast Charging: 45W ,Reverse Charging: upto 10W)Bluetooth: v5.4 Sensors: G-Sensor, E-Compass, Gyroscope , Light Sensor, Proximity Sensor , Fingerprint Sensor (under display) , Infrared Blaster , Vibration MotorOther Features: Always-On Display, SGS Low Blue Light Certification, Sleep Aid Mode, 2160Hz PWM Dimming"
https://www.daraz.com.np/products/cmf-phone-1-8256gb-67-120hz-amoled-display-mediatek-dimensity-7300-5g-processor-5000-mah-battery-33w-charger-i137734833.html,"CMF PHONE 1 | (8/256GB) 6.7 "" 120Hz AMOLED Display | Mediatek Dimensity 7300 5G Processor | 5000 mAh Battery | 33W Charger | Daraz.com.np",['https://static-01.daraz.com.np/p/f54127a9e9b87999d25f70a63f7ba26d.jpg'],N/A,N/A,"Display Type: 6.7 inches AMOLED, 120Hz, 800 nits (typ), 2000 nits (peak) Sampling Rate: 240 Hz Resolution: 1080 x 2400 with 395 ppi OS: Nothing OS 2.6 (Powered by Android 14 Chipset: Mediatek Dimensity 7300 5G (4 nm) Processor CPU: 8-core up to 2.5 GHz Rear Camera: 50 MP main + Portrait sensor at f/1.8 + TrueLens Engine with Ultra XDR and AI Vivid Mode Features: LED flash, panorama, HDR Video: 4K@30fps, 1080p@30fps Front camera:16 MP + TrueLens Engine with Ultra XDR and AI Vivid Mode Video: 1080p@30fps Fingerprint sensor: Under-display optical fingerprint Battery and Charging: 5000 mAh + 33W wired Charging"
https://www.daraz.com.np/products/benco-p11-i128300064.html,Benco P11 | Daraz.com.np: Buy Online at Best Prices in Nepal | Daraz.com.np,['https://np-live-21.slatic.net/kf/S6740865fe76e4205a6fa0e5a861959ad4.jpg'],N/A,N/A,"‚Ä¢ Benco P-11 Bar Phone by Benco ‚Ä¢ 2G,GSM Network Connections with 2 SIM Slots ‚Ä¢ 1 Rear Camera with 0 Front Camera (Megapixels) ‚Ä¢ WVGA / (Wide SD) Video Resolution ‚Ä¢ Less than 3.5 Inch Screen Size (inches) with VGA Screen Type ‚Ä¢ Below 200 PPI Refresh Rate ‚Ä¢ Expandable Storage with Dedicated Memory Card Slot ‚Ä¢ USB Type-B Charger Type with Removable Battery ‚Ä¢ No Fingerprint Sensor with Not Specified Display Protection ‚Ä¢ Symbian Operating System with FM Radio   ‚Ä¢ No GPS and No NFC ‚Ä¢ Bluetooth Support and Headphone Jack ‚Ä¢ 2000 - 2999 mAh Battery Capacity with No Fast Charging ‚Ä¢ No Wireless Charging and No Wi-Fi ‚Ä¢ Model Year 2022 and Model benco P-11Official/personal use"
https://www.daraz.com.np/products/cmf-phone-2-pro-8256gb-677-flexible-amoled-display-mediatek-dimensity-7300-pro-5g-5000-mah-battery-33w-charging-i371705283.html,"CMF Phone 2 Pro (8/256GB) | 6.77"" Flexible AMOLED Display | MediaTek Dimensity 7300 Pro 5G | 5,000 mAh Battery | 33W charging | Daraz.com.np",['https://static-01.daraz.com.np/p/c4d4c74e375658adbf00e115688d0803.jpg'],N/A,N/A,"Processor: MediaTek Dimensity 7300 Pro 5G, 8-core up to 2.5 GHz, 4nm TSMC process Main camera: 50 MP + f/1.88 + 1/1.57"" sensor + EIS + Phase Detection Autofocus Telescope: 50MP + f/1.85 + 1/2.88"" sensor + EIS + 2x optical zoom + 20x digital zoom Ultra-wide: 8 MP+ f/2.2 + 1/4"" sensor + 119.5¬∞ FOV Front: 16 MP + f/2.45 + 1/3"" sensor Display: 6.77‚Äù flexible AMOLED  Protection: Panda glass  Contrast ratio: 1,000,000 : 1  Refresh rate: 120 Hz adaptive Battery Capacity: 5000 mAh Charging speed: 33 W Audio:2 high-definition mics + Ultra volume speaker Design: Accessory Point with removable cover + IP54 rated Sensor: Under-display optical fingerprint + Accelerometer + Electronic compass + Ambient light sensor + Gyroscope + Proximity sensor + X-axis linear vibrator Operating System:  Nothing OS 3.2 powered by Android 15 + 3 years of Android updates + 6 years of security patches"
https://www.daraz.com.np/products/m-horse-mobile-hot-30-play-2-gb-32-gb-i131804469.html,M Horse Mobile Hot 30 Play 2 Gb 32 Gb | Daraz.com.np,['https://static-01.daraz.com.np/p/27c661e928f45a69662c8973160e7fe0.jpg'],N/A,N/A,"5 mp Front 8 Mp rear¬† camera¬† mobile show 3-64 memory but 2-32 is real memory Side Fingre print¬† Usb type c charger 4000 plus mah battery¬† 6.6 Waterdrop screen¬† this is budget smart phone so plz¬† dont expected high ,this phone is chief and best"
https://www.daraz.com.np/products/cmf-phone-2-pro-8256gb-cmf-charger-677-flexible-amoled-display-mediatek-dimensity-7300-pro-5g-5000-mah-battery-33w-charging-i436975075.html,"CMF Phone 2 Pro (8/256GB) + CMF Charger | 6.77"" Flexible AMOLED Display | MediaTek Dimensity 7300 Pro 5G | 5,000 mAh Battery | 33W charging | Daraz.com.np",['https://static-01.daraz.com.np/p/7225977c7260b3e222fd2091cef5db95.png'],N/A,N/A,"Processor: MediaTek Dimensity 7300 Pro 5G, 8-core up to 2.5 GHz, 4nm TSMC process Main camera: 50 MP + f/1.88 + 1/1.57"" sensor + EIS + Phase Detection Autofocus Telescope: 50MP + f/1.85 + 1/2.88"" sensor + EIS + 2x optical zoom + 20x digital zoom Ultra-wide: 8 MP+ f/2.2 + 1/4"" sensor + 119.5¬∞ FOV Front: 16 MP + f/2.45 + 1/3"" sensor Display: 6.77‚Äù flexible AMOLED  Protection: Panda glass  Contrast ratio: 1,000,000 : 1  Refresh rate: 120 Hz adaptive Battery Capacity: 5000 mAh Charging speed: 33 W Audio:2 high-definition mics + Ultra volume speaker Design: Accessory Point with removable cover + IP54 rated Sensor: Under-display optical fingerprint + Accelerometer + Electronic compass + Ambient light sensor + Gyroscope + Proximity sensor + X-axis linear vibrator Operating System:  Nothing OS 3.2 powered by Android 15 + 3 years of Android updates + 6 years of security patches"
https://www.daraz.com.np/products/honor-x6c-5300-mah-battery-up-to-256gb-i436946181.html,Honor X6c || 5300 mAh Battery || Up-to 256GB | Daraz.com.np,['https://static-01.daraz.com.np/p/cc086476417752c55c8f6a915fcb0f36.png'],N/A,N/A,"Honor X6c Specifications in NepalDisplay:¬†6.61-inch HD+ IPS LCD, 120Hz, 1,000 nits Processor:¬†MediaTek Helio G81 Ultra RAM & Storage:¬†6GB + 128GB (expandable) Rear Camera:¬†50MP main + QVGA depth Front Camera:¬†5MP punch-hole Battery:¬†5,300mAh, 35W fast charging OS:¬†MagicOS 9 (Android 15) IP Rating:¬†IP64 Dust & Splash Resistant Audio:¬†3.5mm headphone jack Security:¬†Side-mounted fingerprint‚úÖ¬†Why Buy from M.G Center?100% Original Products ‚Äì Authorized Reseller Delivery ‚Äì Across Nepal Official Warranty & VAT Bill WhatsApp Support: 9804053851 Honor X6c Specifications in NepalDisplay:¬†6.61-inch HD+ IPS LCD, 120Hz, 1,000 nitsProcessor:¬†MediaTek Helio G81 UltraRAM & Storage:¬†6GB + 128GB (expandable)Rear Camera:¬†50MP main + QVGA depthFront Camera:¬†5MP punch-holeBattery:¬†5,300mAh, 35W fast chargingOS:¬†MagicOS 9 (Android 15)IP Rating:¬†IP64 Dust & Splash ResistantAudio:¬†3.5mm headphone jackSecurity:¬†Side-mounted fingerprint‚úÖ¬†Why Buy from M.G Center?100% Original Products ‚Äì Authorized ResellerDelivery ‚Äì Across NepalOfficial Warranty & VAT BillWhatsApp Support: 9804053851"
https://www.daraz.com.np/products/kivi-k3-keypad-mobile-phone-one-year-warranty-1000-mah-battery-big-torch-with-side-switch-i154309759.html,Kivi k3 Keypad Mobile Phone | One Year Warranty | 1000 Mah Battery | Big Torch With Side Switch | Daraz.com.np,['https://static-01.daraz.com.np/p/38470e518b164cf31e7890d7d7334e20.jpg'],N/A,N/A,"""Model Number: k3 kivi Screen Size: 1.8‚Äù Screen No camera Light, Vibration Wireless FM Radio Battery Capacity: 1000mAh"" company only give phone not given charger but we will provide datacable One year warranty"
https://www.daraz.com.np/products/itel-rs-4-16256-gb-g99-ultimate-processor-5000-mah-battery-45-w-power-charge-656-dot-in-display-100-days-replacement-warranty-i146286475.html,"Itel RS 4 (16*/256 GB) | G99 Ultimate Processor | 5000 mAh Battery | 45 W Power Charge | 6.56 "" Dot in Display | 100 Days Replacement Warranty | Daraz.com.np",['https://static-01.daraz.com.np/p/70b03ec46d07394bb85a66d34ca26847.jpg'],N/A,N/A,"Introducing the itel RS4, a powerhouse designed to elevate your mobile experience. With 256GB ROM and 16GB RAM*, this device offers ample storage and seamless multitasking. Introducing the itel RS4, a powerhouse designed to elevate your mobile experience. With 256GB ROM and 16GB RAM*, this device offers ample storage and seamless multitasking. The 5000mAh battery, paired with 45W Ultra Charge, ensures long-lasting power and swift recharges, keeping you connected all day.Powered by the G99 Ultimate Gaming Processor, the itel RS4 delivers exceptional performance. Its 6.56-inch Dot in display with Dynamic-Light Mini LED Effect provides vibrant visuals for an immersive viewing experience. The 50MP dual rear camera and 8MP front camera capture stunning photos and videos with precision.Audio is enhanced with dual speakers and Dolby Atoms, delivering rich, immersive sound. The 16X touch resolution ensures responsive gaming, while the Gaming Temperature Control Engine V1.0 regulates device temperature during intense sessions.The itel RS4 combines cutting-edge technology with thoughtful design, making it perfect for gamers, photographers, and tech enthusiasts alike."
https://www.daraz.com.np/products/redmi-a5-364-gb-688-display-unisoc-t7250-5200mah-battery-15w-charging-2-years-warranty-i347920642.html,"Redmi A5 (3/64 GB) | 6.88"" Display | UNISOC T7250 | 5200mAh Battery | 15W Charging | 2 years warranty* | Daraz.com.np",['https://static-01.daraz.com.np/p/727018bde524f301647cec878c181ffd.jpg'],N/A,N/A,"Display:¬†6.88"" large screen display  Resolution: 1640x720, 260 ppi Refresh rate: Up to 120Hz* Processor:¬†UNISOC T7250 processor 12 nm process, octa-core CPU: Up to 1.8GHz Rear Camera:¬†32MP main camera with 4P lens, f/2.0 (filmCamera | HDR mode | Night mode) Rear camera video recording1080P 1920x1080 30fps, 720P 1280x720 30fps Front Camera:¬†8MP front camera with f/2.0 Front camera video recording 1080P 1920x1080 30fps, 720P 1280x720 30fps  Battery & Charging:¬†5200mAh battery (typ) + Supports 15W charging* Security:¬†Side fingerprint sensor+ AI face unlock Navigation & Positioning:¬†GPS | Glonass | Galileo | BDS (only B1CÔºâ Audio:¬†3.5mm headphone jack Sensors:¬†Virtual proximity sensor | Virtual ambient light sensor | Accelerometer | Electronic compass Operating System:¬†Android 15 (Go Edition)"
https://www.daraz.com.np/products/m-horse-hot-30-play-464-ram-room-5000-mah-battery-i129743160.html,M-HORSE HOT 30 Play 4/64 Ram Room 5000 mAh Battery | Daraz.com.np,['https://static-01.daraz.com.np/p/bde6be39b0ff8a279724077400e69489.jpg'],N/A,N/A,"‚Ä¢ 3 cameras with 1080p video resolution for clear images.‚Ä¢ 60 Hz refresh rate and 300-400 PPI for smooth display.‚Ä¢ Expandable storage and 5000 mAh battery for convenience.‚Ä¢ Type-C charger, NFC, GPS, and Bluetooth support available.‚Ä¢ Quad-core processor and 4G network connections for efficiency.‚Ä¢ Side-mounted fingerprint sensor and wireless charging feature.‚Ä¢ Plastic build with glass display protection for durability.‚Ä¢ Android operating system with FM radio and headphone jack.Step 1:Filtered productAttributes:- Number of Cameras: 3- Headphone Jack: Yes- Refresh Rate: 60 Hz- PPI: 300-400 PPI- Expandable Storage: Yes- Charger Type: Type-C- NFC: Yes- GPS: Yes- Camera Front (Megapixels): 5- Bluetooth Support: Yes- Processor Type: Quad-core- Category Path: Mobiles & Tablets&gt;Mobiles- Model Year: 2023- Video Resolution: 1080p- Operating System: Android- Flash: Yes- FM Radio: Yes- Fingerprint Sensor: Side Mounted- Fast Charging: Yes- Removable Battery: No- Screen Size (inches): 6.6 - 7 Inch- Wi-Fi: Yes- Product Title: M-HORSE HOT 30 Play 3/64 Ram Room 5000 mAh Battery- SIM Slots: 2- Build Type: Plastic- Display Protection: Glass- Wireless Charging: No- Memory Card Slot: Shared- Network Connections: 4G- Battery Capacity: 5000 - 5999 mAh- Rear Camera: 8- Sim Type: Standard- Model: M-HORSE HOT 30 Play- Notchted Display: No- Screen Type: LCD- Resolution: HDStep 2:additionalKeyWords: []Step 3:Introducing the M-HORSE HOT 30 Play, a powerful mobile device designed for seamless performance and enhanced user experience. With a 6.6 - 7 inch LCD screen and 300-400 PPI, enjoy vibrant visuals and clarity. The 3 rear cameras and 5MP front camera capture stunning photos and videos, while the 1080p video resolution ensures high-quality recordings. Equipped with a 5000 - 5999 mAh battery and fast charging support, stay connected for longer periods without interruptions. The Android operating system, quad-core processor, and 4G network connections provide smooth multitasking and swift connectivity. Additionally, features like NFC, GPS, wireless charging, and a side-mounted fingerprint sensor offer convenience and security. With expandable storage and shared memory card slot, store all your data effortlessly. The M-HORSE HOT 30 Play is a reliable companion for your mobile needs.Step 4:The tone of voice is in accordance with Informative. No amendments needed.Final Product Description:Introducing the M-HORSE HOT 30 Play, a powerful mobile device designed for seamless performance and enhanced user experience. With a 6.6 - 7 inch LCD screen and 300-400 PPI, enjoy vibrant visuals and clarity. The 3 rear cameras and 5MP front camera capture stunning photos and videos, while the 1080p video resolution ensures high-quality recordings. Equipped with a 5000 - 5999 mAh battery and fast charging support, stay connected for longer periods without interruptions. The Android operating system, quad-core processor, and 4G network connections provide smooth multitasking and swift connectivity. Additionally, features like NFC, GPS, wireless charging, and a side-mounted fingerprint sensor offer convenience and security. With expandable storage and shared memory card slot, store all your data effortlessly. The M-HORSE HOT 30 Play is a reliable companion for your mobile needs."
https://www.daraz.com.np/products/cmf-phone-1-8-128gb-667-120-hz-super-amoled-display-mediatek-dimensity-7300-5g-processor-5000-mah-33w-fast-charging-i138665388.html,CMF PHONE 1 | (8 /128GB) | 6.67‚Äù 120 Hz Super AMOLED Display | MediaTek Dimensity 7300 5G Processor | 5000 mAh| 33W Fast Charging | Daraz.com.np,['https://static-01.daraz.com.np/p/d4ea583c8644d4add935cc913701c51d.jpg'],N/A,N/A,Display: 6.67‚Äù Super AMOLED LTPS Resolution: 1080 x 2400 with 395 ppi 8-bit colour Brightness: 2000 nits peak Refresh Rate: 120 Hz  Touch Sampling Rate: 240 Hz Chipset: MediaTek Dimensity 7300 5G + 8-core up to 2.5 GHz+ 4nm TSMC processor Main Camera: 50 MP main + Portrait sensor at f/1.8+ TrueLens Engine with Ultra XDR and AI Vivid Mode Front camera: 16 MP+ TrueLens Engine with Ultra XDR and AI Vivid Mode Video recording: 4K recording at 30 fps + 1080p recording at 30 or 60 fps + Live HDR at 1080P30 fps + Slo-mo (120 fps) + Night Mode (1080p at 30 fps) + Action Mode + EIS image stabilisation + Time Lapse (4K OS: Nothing OS 2.6 (Powered by Android 14) Fingerprint sensor: Under-display optical fingerprint Water and dust resistance: IP52 for dust and water resistance Audio: AAC linear loudspeaker Battery: 5000 mAh+ 33W Fast Charging+ 5W reverse wired charging Software support: 2 years of major Android updates + 3 years of security updates
https://www.daraz.com.np/products/infinix-smart-10-plus-4128gb-667-display-6000-mah-battery-infinix-ai-i421621115.html,"Infinix Smart 10 Plus (4+128GB) | 6.67"" Display | 6000 mAh Battery | Infinix AI | Daraz.com.np",['https://static-01.daraz.com.np/p/84018af93f94ad60bd8cb626491e6026.png'],N/A,N/A,"Body:¬†165.62 √ó 77.10 √ó 8.25 SIM:¬†Dual Nano SIM + Micro SD Display:¬†6.67-inch, IPS LCD, HD+ ,120 Hz Smooth Display Chipset:¬†UNISOC T7250 (T615) CPU:¬†Octa-core GPU:¬†Mali-G57 MC1  OS:¬†Android 15, XOS 15.1 Rear Camera:¬†8MP, ∆í/2.0, 1/4‚Ä≥ sensor, 1.12Œºm, AF Front Camera:¬†8MP, ∆í/2.0, 1/4‚Äù sensor, 1.12Œºm, FF Battery: 6,000mAh, 18W USB:¬†USB Type-C, Sensors:¬†Fingerprint (side-mounted), accelerometer, gyro, G-Sensor , proximity Sensor ,E -compass Dust and water Resistant : IP64 Certified. 300% Ultra Volume Dual Speakers. 48 Months TUV Fluency  One - Tap Infinix AI  Body:¬†165.62 √ó 77.10 √ó 8.25SIM:¬†Dual Nano SIM + Micro SDDisplay:¬†6.67-inch, IPS LCD, HD+ ,120 Hz Smooth DisplayChipset:¬†UNISOC T7250 (T615)CPU:¬†Octa-core GPU:¬†Mali-G57 MC1 OS:¬†Android 15, XOS 15.1Rear Camera:¬†8MP, ∆í/2.0, 1/4‚Ä≥ sensor, 1.12Œºm, AFFront Camera:¬†8MP, ∆í/2.0, 1/4‚Äù sensor, 1.12Œºm, FFBattery: 6,000mAh, 18WUSB:¬†USB Type-C,Sensors:¬†Fingerprint (side-mounted), accelerometer, gyro, G-Sensor , proximity Sensor ,E -compassDust and water Resistant : IP64 Certified.300% Ultra Volume Dual Speakers.48 Months TUV Fluency One - Tap Infinix AI"
https://www.daraz.com.np/products/redmi-note-14-6128gb-667-amoled-display-corning-gorilla-glass-5-helio-g99-ultra-108mp-main-camera-5500-mah-battery-33w-fast-charge-i181308999.html,"Redmi Note 14 (6/128GB)  | 6.67"" AMOLED Display | Corning¬Æ Gorilla¬Æ Glass 5 | Helio G99-Ultra | 108MP main camera | 5500 mAh Battery | 33W Fast Charge | Daraz.com.np",['https://static-01.daraz.com.np/p/4db1120197708ea364a038d884551e05.jpg'],N/A,N/A,"Display:¬†¬†6.67"" AMOLED display Refresh rate: Up to 120Hz Brightness: 1800 nits peak brightness Contrast ratio: 5,000,000:1 Resolution: 2400 x 1080 Protection: Corning¬Æ Gorilla¬Æ Glass 5 Processor:¬†Helio G99-Ultra 6nm process technology CPU: Octa-core CPU, up to 2.5GHz GPU: Mali-G57 MC2 Rear Camera:¬†108MP main camera, 0.64Œºm, 9in1 1.92Œºm f/1.7 + 2MP depth camera f/2.4+2MP macro camera f/2.4 Rear camera video recording1080p at 30/60fps720p at 30fps Front Camera:¬†20MP front camera, f/2.2 Front camera video recording 1080p at 30fps720p at 30fps Battery & Charging:¬†5500mAh battery and 33W fast charging Security:¬†In-screen fingerprint sensor AI Face Unlock NFC:¬†Yes Navigation & Positioning:¬†GPS: L1 | A-GPS supplementary positioning | GLONASS: G1 | BDS: B1I | Galileo E1 | Electronic compass | Wireless network | Data network | Sensor Assisted Positioning Audio:¬†Dual speakers + Dolby Atmos¬Æ + 3.5mm headphone jack Sensors:¬†Virtual proximity sensor | Ambient light sensor | Accelerometer | Electronic compass | IR blaster | Gyroscope Operating System: Xiaomi HyperOS"
https://www.daraz.com.np/products/redmi-14c-4128-gb-688-dot-drop-display-mediatek-helio-g81-ultra-processor-5160mah-battery-50mp-ai-dual-camera-i159442299.html,"Redmi 14C (4/128 GB) | 6.88"" Dot Drop Display | MediaTek Helio G81-Ultra processor | 5160mAh battery | 50MP AI dual camera | Daraz.com.np",['https://static-01.daraz.com.np/p/6a69ad3efafa3d0166871a2afaa5c87a.jpg'],N/A,N/A,"Rounded design aesthetic: The rounded design is like a shining star in the night sky, popping out from the device body and creating a sense of visual harmony and elegance. 6.88"" Dot Drop Display: Revel in Redmi Series' first ever 6.88"" display, providing a more cinematic, immersive view for your favorite content. Paired with its auto-adjusting high refresh rate of up to 120Hz, Redmi 14C takes your visual experience to the next level. Rear camera: 50MP main camera |Auxiliary lens Rear video recording: 1080p (1920x1080) at 30 fps | 720p (1280x720) HD video recording at 30 fps Front camera: 13MP Front video recording: 1080p (1920x1080) HD video recording at 30 fps | 720p (1280x720) HD video recording at 30 fps Battery & Charging: 5160mAh (typ) | Supports 18W fast charging(33W charger in box) Up to 16GB RAM Memory extension: With Memory extension technology, the RAM can be expanded up to 16GB*. Enjoy smoother system performance, quick app loading and seamless switching between operations. MediaTek Helio G81-Ultra processor: The new MediaTek Helio G81-Ultra features low power consumption and high performance. With its outstanding capabilities, it offers longer battery life, less lagging and an exceptional user experience. Xiaomi HyperOS: With deep tuning of Xiaomi HyperOS and exclusive optimizations, Redmi 14C delivers a smooth, seamless, and stable everyday user experience. 3.5mm headphone jack: Retains a classic headphone jack design Network & Connectivity: Dual SIM +  microSD Bluetooth: 5.4 Refresh rate: Up to 120Hz Sensors: Virtual proximity sensor | Ambient light sensor | Accelerometer | Electronic compass Side-mounted fingerprint: Minimalist design for efficient unlocking"
https://www.daraz.com.np/products/redmi-a5-4128-gb-688-display-unisoc-t7250-5200mah-battery-15w-charging-2-years-warranty-i347920959.html,"Redmi A5 (4/128 GB) | 6.88"" Display | UNISOC T7250 | 5200mAh Battery | 15W Charging | 2 years warranty* | Daraz.com.np",['https://static-01.daraz.com.np/p/8d2d99f1ccd3f188ae3f9432b3bffdf8.jpg'],N/A,N/A,"Display:¬†6.88"" large screen display  Resolution: 1640x720, 260 ppi Refresh rate: Up to 120Hz* Processor:¬†UNISOC T7250 processor 12 nm process, octa-core CPU: Up to 1.8GHz Rear Camera:¬†32MP main camera with 4P lens, f/2.0 (filmCamera | HDR mode | Night mode) Rear camera video recording1080P 1920x1080 30fps, 720P 1280x720 30fps Front Camera:¬†8MP front camera with f/2.0 Front camera video recording 1080P 1920x1080 30fps, 720P 1280x720 30fps  Battery & Charging:¬†5200mAh battery (typ) + Supports 15W charging* Security:¬†Side fingerprint sensor+ AI face unlock Navigation & Positioning:¬†GPS | Glonass | Galileo | BDS (only B1CÔºâ Audio:¬†3.5mm headphone jack Sensors:¬†Virtual proximity sensor | Virtual ambient light sensor | Accelerometer | Electronic compass Operating System:¬†Android 15 (Go Edition)"
https://www.daraz.com.np/products/motorola-moto-g45-5g-8128gb-65-inches-display-120hz-refresh-rate-snapdragon-6s-gen-3-5000mah-battery-i164237905.html,MOTOROLA Moto G45 5G (8/128GB) | 6.5 inches Display | 120Hz Refresh Rate | Snapdragon 6s Gen 3 | 5000mAh Battery | Daraz.com.np,['https://static-01.daraz.com.np/p/ab4c925e1d5d8b7c50b827ca0dc0bbc2.jpg'],N/A,N/A,"Network: GSM / HSPA / LTE / 5G Build: Glass front (Gorilla Glass 3), plastic frame, silicone polymer (eco leather) back;  SIM: Nano-SIM + Nano-SIM; Water-repellent design Display: ¬†IPS LCD, 120Hz;  Size: 6.5 inches,  Resolution 720 x 1600 pixels, Protection Corning Gorilla Glass 3 Platform: ¬†¬†OS Android 14;  Chipset Qualcomm SM6375 Snapdragon 6s Gen 3 (6 nm);  CPU Octa-core (2x2.3 GHz Cortex-A78 & 6x2.0 GHz Cortex-A55);  GPU Adreno 619 Main Camera: Dual 50 MP, f/1.8 (wide), 1/2.76"", 0.64¬µm, PDAF; 2 MP, f/2.4 (macro); Features LED flash, HDR, panorama; Video: 1080p@30fps, gyro-EIS Selfie Camera: Single 16 MP, f/2.4 (wide), 1.0¬µm; Video: 1080p@30fps Sound: ¬†¬†Loudspeaker Yes, with stereo speakers;      3.5mm jack Yes; Audio 24-bit/192kHz Hi-Res audio NFC Yes; Radio FM radio; USB USB Type-C 2.0 Features: Sensors Fingerprint (side-mounted), accelerometer, gyro, proximity, compass Battery: ¬†¬†Type 5000 mAh; Charging 18W wired, PD,"
https://www.daraz.com.np/products/oneplus-nord-ce5-5g-8gb-ram-256gb-storage-mediatek-dimensity-8350-apex-7100mah-battery-oneplus-ai-with-latest-powerful-oxygenos-i427757455.html,"OnePlus Nord CE5 5G |8GB RAM, 256GB Storage | MediaTek Dimensity 8350 Apex | 7100mAh Battery | OnePlus AI with Latest Powerful OxygenOS | Daraz.com.np",['https://static-01.daraz.com.np/p/ef4eca53cc8abcd235bb5ee4fe1dc535.jpg'],N/A,N/A,"256GB Large Storage  Processor: MediaTek Dimensity 8350 Apex  7100mAh battery Capacity Dimensions: 163.58 mm x 76.02 mm x 8.17 mm | Weight: 199g | SIM: Dual nano-SIM slotSize: 6.5 inches, 108.0 cm2 (94.10% screen-to-body ratio), Resolution: 2392√ó1080 pixels, 19.9:9 ratio PLATFORM: OS: OxygenOS 15.0, Chipset: MediaTek Dimensity 8350 Apex | CPU: ARM cortex 1xA715@3.35GHZ ARM cortex 3xA715@3.2GHZ ARM cortex 4xA510@2.2GHZ | GPU: ARM G615 MC6MEMORY: Internal: 8GB RAM, 256GB Storage | MicroSD: YesMAIN CAMERA: Dual: 50 MP, multi-directional PDAF, OIS, 8 MP, f/2.2, 112Àö (ultrawide), 1/4.0"", 1.12¬µm | Features: LED flash, HDR, panorama, Video: 4K video at 60/30 fps, 1080p video at 60/30 fps, 720p video at 30 fpsSELFIE CAMERA : Single: Megapixels: 16MP | Lens Quantity: 5P | Pixel Size: 1.0 ¬µm| Features: Face Unlock, Screen Flash, Night Mode, Portrait Mode, Pano, Time-lapse, Retouching, Filters, | Video: 1080p video at 60/30 fps, 720p video at 30 fps SOUND: Loudspeaker with Single bottom-firing speaker, Noise cancellation support |Playback: AAC, AMR, MIDI, MP3, OGG, WAV, FLAC, APE, WMACOMMS: WLAN: Wi-Fi 802.11 a/b/g/n/ac/6, dual-band, Wi-Fi Direct, Bluetooth: 5.4, A2DP, LE, aptX HD, aptX Adaptive, Positioning: Single band: GPS, GLONASS, BDS, Galileo, QZSS, NFC: Yes, Infrared port: Yes, Radio: No, USB: USB Type-C 2.0  | Adaptor Not included in the box.FEATURES: Sensors: Proximity sensor, Ambient light sensor, E-compass, Accelerometer, Gyroscope, In-display optical fingerprint sensor, Infrared remote controlBATTERY: Type: 7100 mAh Battery, 80W SUPERVOOC Charging"
https://www.daraz.com.np/products/blackview-wave-8-4g-12gb128gb256gb-656-hd-display-13mp8mp-camera-90hz-refresh-rate-5000mah-battery-i181678530.html,Blackview WAVE 8 4G (12GB*+128GB/256GB) | 6.56'' HD Display | 13MP+8MP Camera | 90Hz Refresh Rate | 5000mAh Battery | Daraz.com.np,['https://static-01.daraz.com.np/p/2cdd011f2c0a7d6fceda461847f8d14c.jpg'],N/A,N/A,"Model : WAVE 8 Colors: Sunset Purple,Dawn Blue,Dusk Black Dimension: 163.2*75.16*8.75mm Weight: 192g OS: DokeOS 4.0 Based on Android 14 Display: 6.56-inch,HD +IPS,720*1612 Resolution,81% Screen-to-body Ratio CPU: Unisoc T606 RAM & ROM: 4GB RAM + 256GB ROM RAM Expansion: 8GB RAM Expansion Max TF Card Storage: 2TB Battery: 5000mAh; 10W Charge Front Camera: 8MP Rear Camera: 13MP Samsung¬Æ ISOCELL 4H7 Navigation: GPS/AGPS+Glonass+Galileo+Beidou Wi-Fi & BT: 802.11 a/b/g/n/ac ; BT V5.0 Connectivity2G Band:850/900/1800/1900(B2/B3/B5/B8),3G Band: B1/B8 4G Bands:FDD:B1/B3/B7/B8/B20/B19,TDD:B40/B41/38 Card Slots: Dual; 2*SIMs/ 1*SIM+ 1*TF Card"
https://www.daraz.com.np/products/nothing-phone-2a-8128gb-67-flexible-amoled-dislpay-mediatek-dimensity-7200-pro-5000-mah-battery-45w-charge-i133895828.html,"Nothing Phone (2a) (8/128GB) | 6.7‚Äù Flexible AMOLED Dislpay | MediaTek Dimensity 7200 Pro | 5,000 mAh Battery | 45W Charge | Daraz.com.np",['https://static-01.daraz.com.np/p/653a07c2d89801679fb3cd6eb9e4c3e3.jpg'],N/A,N/A,"Body:¬†161.7x76.3x8.6mm, 190g; plastic body; IP54 - splash, water and dust resistant, 3 LED lights on the back (notifications, camera fill light). Display:¬†6.70"" AMOLED, 1B colors, 120Hz, HDR10+, 700 nits (typ), 1100 nits (HBM), 1300 nits (peak), 1080x2412px resolution, 20.1:9 aspect ratio, 394ppi; Always On Display. Chipset:¬†Mediatek Dimensity 7200 Pro (4 nm): Octa-core (2x2.8 GHz Cortex-A715 & 6x 2.0 Cortex-A510); Mali-G610 MC4. Memory:¬†128GB 8GB RAM, 256GB 8GB RAM, 256GB 12GB RAM. OS/Software:¬†Android 14, Nothing OS 2.5. Rear camera:¬†Wide (main): 50 MP, f/1.9, 1/1.56"", PDAF, OIS;¬†Ultra wide angle: 50 MP, f/2.2, 114-degree, 1/2.76"", 0.64¬µm. Front camera:¬†32 MP, f/2.2, (wide), 1/2.74"". Video capture:¬†Rear camera: 4K@30fps, 1080p@60/120fps, gyro-EIS;¬†Front camera: 1080p@60fps. Battery:¬†5000mAh; 45W wired, 50% in 23 min, 100% in 1 hour (advertised). Connectivity:¬†5G; Dual SIM; Wi-Fi 6; BT 5.3; NFC. Misc:¬†Fingerprint reader (under display, optical); stereo speakers. Body: 161.7x76.3x8.6mm, 190g; plastic body; IP54 - splash, water and dust resistant, 3 LED lights on the back (notifications, camera fill light).Display: 6.70"" AMOLED, 1B colors, 120Hz, HDR10+, 700 nits (typ), 1100 nits (HBM), 1300 nits (peak), 1080x2412px resolution, 20.1:9 aspect ratio, 394ppi; Always On Display.Chipset: Mediatek Dimensity 7200 Pro (4 nm): Octa-core (2x2.8 GHz Cortex-A715 & 6x 2.0 Cortex-A510); Mali-G610 MC4.Memory: 128GB 8GB RAM, 256GB 8GB RAM, 256GB 12GB RAM.OS/Software: Android 14, Nothing OS 2.5.Rear camera: Wide (main): 50 MP, f/1.9, 1/1.56"", PDAF, OIS; Ultra wide angle: 50 MP, f/2.2, 114-degree, 1/2.76"", 0.64¬µm.Front camera: 32 MP, f/2.2, (wide), 1/2.74"".Video capture: Rear camera: 4K@30fps, 1080p@60/120fps, gyro-EIS; Front camera: 1080p@60fps.Battery: 5000mAh; 45W wired, 50% in 23 min, 100% in 1 hour (advertised).Connectivity: 5G; Dual SIM; Wi-Fi 6; BT 5.3; NFC.Misc: Fingerprint reader (under display, optical); stereo speakers."
https://www.daraz.com.np/products/mbo-c63-pro-max-4g-mobile-phone-5500-mah-battery-i185212821.html,Mbo C63 Pro Max 4G Mobile Phone | 5500 Mah Battery | Daraz.com.np,['https://np-live-21.slatic.net/kf/Sfdffc2fe7f0d49f38518ffe6db492768k.jpg'],N/A,N/A,"Style with Trend, MBO C63 Pro Max With amazing features: Side Fingegrprint Unlocking  64GB ROM (8GB RAM) 6.82 HD + incell Screen 5500 mAh Battery 5MP+13MP AI Dual Camera Type C Charging Type c earphone and cover also in box"
https://www.daraz.com.np/products/redmi-note-13-pro-5g-8256-667-crystalres-amoled-display-mediatek-dimensity-7200-ultra-processor-5000mah-battery-120w-hypercharge-i129553683.html,"Redmi Note 13 Pro+ 5G (8/256) | 6.67"" CrystalRes AMOLED Display | MediaTek Dimensity 7200-Ultra Processor | 5000mAh Battery | 120W HyperCharge | Daraz.com.np",['https://static-01.daraz.com.np/p/0bd720ac30ff226df2c39d55610f8615.jpg'],N/A,N/A,"Display:¬†6.67"" CrystalRes AMOLED display  Refresh rate: Up to 120Hz Brightness: 1800nits peak brightness Color depth: 12-bitContrast ratio: 5,000,000:1 Resolution: 2712x1220, 446PPIColor gamut: DCI-P3 100% Protection: Corning¬Æ Gorilla¬Æ Glass Victus¬Æ Processor:¬†MediaTek Dimensity 7200-Ultra 4nm process technology CPU: Octa-core processor, up to 2.8GHz GPU: Mali-G610 Rear Camera:¬†200MP main camera OISf/1.6516-in-1 binning into one large 2.24Œºm pixel1/1.4‚Äù sensor size7P lens + 8MP ultra-wide cameraf/2.2 + 2MP macro cameraf/2.4 Rear camera video recording: 4K 3840x2160 at 24/30fps + 1080p 1920x1080 at 30/60fps + 720p 1280x720 at 30fps Slow motion: 1080p 1920x1080 at 120fps Slow motion: 720p 1280x720 at 120/240fps Front Camera:¬†16MP cameraf/2.4 Front camera video recording: 1080p 1920x1080 at 30/60fps + 720p 1280x720 at 30fps Battery & Charging:¬†5000mAh battery(typ) + Supports 120W HyperCharge Security:¬†In-screen fingerprint sensorAI Face Unlock NFC:¬†Yes Navigation & Positioning:¬†Beidou:B1IÔΩúGPS:L1ÔΩúGalileo:E1 | GLONASS:G1ÔΩúQZSS:L1 | AGNSS:A-GPS/A-GLONASS/A-BDS | Wireless network | Data networkÔΩúSensor Assisted Positioning Audio:¬†Dual speakers + Supports Dolby Atmos¬Æ Sensors:¬†Proximity sensor | Ambient light sensor | Accelerometer | Electronic compass | IR blaster | Gyroscope | X-axis linear motor Operating System:¬†MIUI 14"
https://www.daraz.com.np/products/redmi-note-14-5g-8256gb-667-amoled-display-mediatek-dimensity-7025-ultra-5110-mah-battery-45w-turbo-charging-i181332630.html,"Redmi Note 14 5G (8/256GB)  | 6.67"" AMOLED Display | MediaTek Dimensity 7025-Ultra | 5110 mAh Battery | 45W turbo Charging | Daraz.com.np",['https://static-01.daraz.com.np/p/e1d6141bb2b7f5fc218afe9a167ce9c4.jpg'],N/A,N/A,"Display:¬†¬†6.67"" AMOLED display Refresh rate: Up to 120Hz Brightness: 2100 nits peak brightness Contrast ratio: 5,000,000:1 Resolution: 2400 x 1080 Protection: Corning¬Æ Gorilla¬Æ Glass 5 Processor:¬†Dimensity 7025-Ultra 6nm process technology CPU: Octa-core CPU, up to 2.5GHz GPU: IMG BXM-8-256 Rear Camera:¬†108MP main camera, 0.64Œºm, 9in1 1.92Œºm f/1.7 + 8MP ultra-wide camera f/2.2+2MP macro camera f/2.4 Rear camera video recording1080p at 30fps720p at 30fps Front Camera:¬†20MP front camera, f/2.4 Front camera video recording 1080p at 30fps720p at 30fps Battery & Charging:¬†5110mAh (typ)Supports+ 45W turbo charging Security:¬†In-screen fingerprint sensor AI Face Unlock NFC:¬†Yes Navigation & Positioning:¬†GPS: L1 | GLONASS: G1 | BDS: B1I | Galileo E1 Audio:¬†Dual speakers + Dolby Atmos¬Æ + 3.5mm headphone jack Sensors:¬†Virtual proximity sensor | Ambient light sensor | Accelerometer | Electronic compass | IR blaster | Gyroscope Operating System: Xiaomi HyperOS"
https://www.daraz.com.np/products/vivo-y29-8256-gb-l-6500mah-battery-with-44w-fast-charger-l-50mp2mp-front-camera-8mp-l-andriod-14-i409077474.html,Vivo Y29 (8/256 GB) l 6500mah Battery with 44W fast charger l 50MP+2MP & Front Camera 8MP l Andriod 14 | Daraz.com.np,['https://static-01.daraz.com.np/p/785845e7dc962af5a3b92dd57433fa17.jpg'],N/A,N/A,"Chipset: Qualcomm Snapdragon 685 4G Operating System: Android 15-based FunTouch OS 15 RAM: Up to 8GB Storage: Up to 256GB, expandable up to 1TB Display: 6.68‚Ä≥ 120Hz HD+ LCD, 1,000 nits peak brightness, 264 ppi Front Camera: 8MP (centered punch-hole) Rear Camera: 50MP primary, 2MP bokeh secondary, flash Battery: 6,500 mAh Charging: 44W fast charging Durability: IP64 rating, Anti-Drop Armor Design Additional Features: Dual speakers, 4G connectivity, side-mounted fingerprint scanner Chipset: Qualcomm Snapdragon 685 4GOperating System: Android 15-based FunTouch OS 15RAM: Up to 8GBStorage: Up to 256GB, expandable up to 1TBDisplay: 6.68‚Ä≥ 120Hz HD+ LCD, 1,000 nits peak brightness, 264 ppiFront Camera: 8MP (centered punch-hole)Rear Camera: 50MP primary, 2MP bokeh secondary, flashBattery: 6,500 mAhCharging: 44W fast chargingDurability: IP64 rating, Anti-Drop Armor DesignAdditional Features: Dual speakers, 4G connectivity, side-mounted fingerprint scanner"
https://www.daraz.com.np/products/samsung-galaxy-a17-5g-6gb-ram-128gb-90hz-super-amoled-50mp-camera-with-25w-power-adapter-i479073236.html,Samsung Galaxy A17 5G (6GB RAM + 128GB) | 90Hz Super AMOLED | 50MP Camera With 25W Power Adapter | Daraz.com.np,['https://static-01.daraz.com.np/p/8a9360cc1b92646f3d7f5800b1546e83.jpg'],N/A,N/A,"üì±¬†Incredibly Smooth 90Hz Super AMOLED Display:¬†Dive into a world of vibrant color and fluid motion. The large 6.7-inch screen with a 90Hz refresh rate makes everything from scrolling to gaming feel incredibly smooth and responsive. üîã¬†Massive 5000mAh Two-Day Battery:¬†Power through your day and into the next without worrying about a charger. The huge battery keeps you connected, streaming, and creating for longer. üì∏¬†Clear 50MP Triple Camera:¬†Capture life's moments in stunning detail. The high-resolution 50MP main camera, supported by ultra-wide and macro lenses, lets you shoot everything from grand landscapes to tiny details with clarity. üöÄ¬†Solid Everyday Performance:¬†With an efficient octa-core processor, 6GB of RAM, and blazing-fast 5G connectivity, enjoy smooth multitasking, quick app launches, and buffer-free streaming. üíæ¬†Store More, Worry Less:¬†Comes with a generous 128GB of internal storage, with the option to expand it up to a massive 1TB with a microSD card, so you have space for all your memories. ‚ú®¬†Awesome Design, Built to Last:¬†Featuring a sleek, minimalist design with a clean camera layout and a comfortable grip, the Galaxy A17 looks and feels premium. Samsung Galaxy A17 5G (6GB RAM + 128GB) | 90Hz Super AMOLED | 50MP Camera Short DescriptionExperience awesome technology for everyone with the Samsung Galaxy A17 5G. Designed to make your everyday moments more brilliant, it features an incredibly smooth 90Hz Super AMOLED display, a massive two-day battery, and a versatile 50MP camera. With reliable 5G performance and a sleek, modern design, the Galaxy A17 is your perfect partner for work, play, and everything in between.Key Features (Bulleted List) Incredibly Smooth 90Hz Super AMOLED Display: Dive into a world of vibrant color and fluid motion. The large 6.7-inch screen with a 90Hz refresh rate makes everything from scrolling to gaming feel incredibly smooth and responsive. Massive 5000mAh Two-Day Battery: Power through your day and into the next without worrying about a charger. The huge battery keeps you connected, streaming, and creating for longer. Clear 50MP Triple Camera: Capture life's moments in stunning detail. The high-resolution 50MP main camera, supported by ultra-wide and macro lenses, lets you shoot everything from grand landscapes to tiny details with clarity. Solid Everyday Performance: With an efficient octa-core processor, 6GB of RAM, and blazing-fast 5G connectivity, enjoy smooth multitasking, quick app launches, and buffer-free streaming. Store More, Worry Less: Comes with a generous 128GB of internal storage, with the option to expand it up to a massive 1TB with a microSD card, so you have space for all your memories.‚ú® Awesome Design, Built to Last: Featuring a sleek, minimalist design with a clean camera layout and a comfortable grip, the Galaxy A17 looks and feels premium.Detailed DescriptionA Display That DazzlesElevate your viewing experience with the Galaxy A17's stunning 6.7-inch Super AMOLED display. For the first time at this level, experience a 90Hz refresh rate that makes every swipe and scroll feel buttery-smooth. Colors are rich and vibrant, blacks are deep and true, and the high brightness ensures clarity even in sunny conditions. It‚Äôs an immersive screen that makes everything you do more enjoyable.Capture and Keep Your Awesome MomentsThe versatile triple-camera system is ready for any scene. The 50MP main camera captures photos with incredible detail, day or night. Switch to the ultra-wide lens to fit epic landscapes into one frame, or get up close with the macro lens to discover intricate textures. The Galaxy A17 makes it easy for you to shoot and share your world with confidence.Power That Keeps Up With YouAt the heart of the Galaxy A17 is a colossal 5000mAh battery, engineered to provide you with up to two days of power on a single charge. When you finally need to refuel, 25W Super Fast Charging gets you back in the action in no time. This incredible endurance, combined with a reliable 5G processor, means you have a phone that‚Äôs always ready when you are.What's in the Box?Samsung Galaxy A17 5G Smartphone USB Type-C to Type-C CableSIM Ejection PinQuick Start Guide(Note: Power adapter is sold separately.) Full SpecificationsCategorySpecificationModelGalaxy A17 5GColorAwesome NavyOperating SystemAndroid 15 with One UI 7 (Hypothetical)ProcessorNext-Gen 5G Octa-Core ProcessorRAM6GBStorage128GB, expandable up to 1TB via microSDDisplay6.7-inch Super AMOLED, 90Hz Refresh RateResolution1080 x 2340 (FHD+)Rear Camera50MP Main (f/1.8) + 5MP Ultra-Wide (f/2.2) + 2MP Macro (f/2.4)Front Camera13MP (f/2.0)Battery5000mAh (typ)Charging25W Super Fast Charging supportBody MaterialPlastic CompositeSecuritySide-mounted Fingerprint Sensor, Samsung Knox SecuritySIM Card TypeDual SIM (Nano-SIM) or Nano-SIM + eSIMNetwork & Connectivity5G, 4G LTE, Wi-Fi 5, Bluetooth 5.3, NFC, GPSPortsUSB Type-C, 3.5mm Headphone JackDimensions & WeightProduct Dimensions: Approx. 16.1 cm (H) x 7.7 cm (W) x 0.83 cm (D)Product Weight: Approx. 200gPackage Dimensions (Box): Approx. 17.5 cm (L) x 9.0 cm (W) x 3.0 cm (D)Total Package Weight (Gross Weight): Approx. 340g"
https://www.daraz.com.np/products/tecno-spark-go-1-4-years-fluency-protection-infrared-remoted-control-side-fingerprint-667-hdh-120-hz-refresh-rate-5000mah-battery-15w-with-type-c-stereo-dual-speakers-memory-fusion-22-dynamic-port-i154631589.html,"Tecno Spark Go-1 | 4 Years Fluency Protection | Infrared Remoted Control | Side fingerprint | 6.67"" HD+H | 120 Hz Refresh Rate | 5000mAh Battery | 15W with Type-C | Stereo Dual Speakers | Memory Fusion 2.2 | Dynamic Port | Daraz.com.np",['https://static-01.daraz.com.np/p/6ec6bb83f293dc519a661e398e3c9afb.jpg'],N/A,N/A,"64+4GB 4 Years Fluency Protection Infrared Remote Control Side fingerprint 6.67"" HD+H 120 Hz Refresh Rate 5000mAh Battery 15W with Type-C Stereo Dual Speakers Memory Fusion 2.2 Dynamic Port The Tecno Spark Go 1 is an innovative and 4-year fluency protection smartphone designed to meet your everyday needs with style and efficiency. Featuring a 6.67-inch HD+ display with a 120Hz refresh rate, this device offers vibrant colors and sharp visuals, perfect for browsing, streaming, and gaming. Powered by 3GB-4GB of RAM, it ensures smooth multitasking and responsive performance. The Spark Go 1 boasts an 8MP front camera and a 13MP rear camera, capturing stunning photos and selfies instantly. With a 5000mAh battery, you can enjoy prolonged usage without frequent recharging. Running on HiOS, based on Android, it offers a user-friendly interface with customizable features. The Spark Go 1 also provides ample storage with 64GB+128GB of internal memory, ensuring you have enough space for all your apps, photos, and videos. Additional features include an infrared remote control and a side fingerprint sensor for enhanced security. Ideal for users seeking a reliable and feature-packed smartphone at an inexpensive price, the Tecno Spark Go 1 is a perfect companion for your digital lifestyle."
https://www.daraz.com.np/products/zte-blade-a75-4256-5000-mah-battery-50-mp-ai-camera-225-watt-fast-chargingbest-budget-phone-under-12500-with-great-storage-in-nepal-best-phone-for-fast-charging-under-12500-in-nepal-supports-fast-charging-of-225-watt-i397131158.html,"ZTE Blade A75 (4+256) | 5000 mAh battery | 50 MP AI Camera | 22.5 watt fast chargingBest Budget  Phone under 12500 with great storage in Nepal , Best phone for fast charging under 12500 in Nepal supports fast charging of 22.5 watt | Daraz.com.np",['https://np-live-21.slatic.net/kf/S80db5be4a6254ee290441d6ebccaaf27z.jpg'],N/A,N/A,"SpecificationsDisplay: 6.6-inch IPS LCD, 90Hz refresh rate, 720 x 1612 pixels resolutionChipset: Unisoc T606 (12nm)Graphics: Mali-G57 MP1OS: Android 13RAM: 4GBStorage: 256GB UFS 3.1Rear Camera: 50MP main + 2MP secondaryFront Camera: 8MPBattery: 5,000mAh, 10W or 18W charging (region dependent)Connectivity: Bluetooth 5.2, Wi-Fi 5, USB Type-C 2.0Audio: 3.5mm headphone jackColors: Black, Mint GreenDesign and DisplayThe ZTE Blade A75 has a simple and sleek design with a monotone finish and a 163.6 x 74.9 x 8.6mm dimension. On the back, there‚Äôs a circular camera setup with two cameras and a flash.The front has a 6.6-inch IPS LCD that supports a 90Hz refresh rate and a resolution of 720 x 1612 pixels. The bezels at the bottom are noticeable while the sides are fairly slim. For security the phone includes a fingerprint sensor. It comes in  Black and Mint Green colors.Performance and BatteryUnder the hood, the ZTE Blade A75 features a Unisoc T606 chipset built on a 12nm process. This octa-core processor includes 2 Cortex A75 cores clocked at 1.6 GHz and 6 Cortex A55 cores clocked at 1.6 GHz. The Mali-G57 handles the graphics.The phone runs on Android 13, which is a bit behind since newer models are using Android 15. In fact, the ZTE Blade A55, which costs less than the Blade A75 features Android 14 (Go edition). For storage, it has 4GB of RAM and 256GB of internal storage, which is fast thanks to the UFS 3.1 technology. The battery is a 5,000mAh unit and depending on the region it can support either 10W or 18W charging.Camera and ConnectivityOn the front, the ZTE Blade A75 comes with a dual-camera setup on the back featuring a 50MP main camera and a 2MP secondary camera. For selfies, there‚Äôs an 8MP front camera.Connectivity options include Bluetooth 5.2, Wi-Fi 5, and a USB Type-C 2.0 port. For audio, the phone retains a 3.5mm headphone jack which is great for those who prefer wired headphones.SpecificationsDisplay: 6.6-inch IPS LCD, 90Hz refresh rate, 720 x 1612 pixels resolutionChipset: Unisoc T606 (12nm)Graphics: Mali-G57 MP1OS: Android 13RAM: 4GBStorage: 256GB UFS 3.1Rear Camera: 50MP main + 2MP secondaryFront Camera: 8MPBattery: 5,000mAh, 10W or 18W charging (region dependent)Connectivity: Bluetooth 5.2, Wi-Fi 5, USB Type-C 2.0Audio: 3.5mm headphone jackColors: Black, Mint Green"
https://www.daraz.com.np/products/spark-30c-78-ultra-slim-flagship-design-4-years-plus-lasting-fluency-18-w-fast-charger-120-hz-667-smooth-display-50-hd-main-camera-dual-speakers-dts-listen-infrared-remote-control-powerful-octa-core-processor-i158564119.html,"Spark 30C | 7.8 Ultra Slim Flagship Design | 4 Years plus Lasting Fluency | 18 W Fast Charger | 120 Hz 6.67"" Smooth Display | 50 HD Main Camera | Dual Speakers + DTS Listen | Infrared Remote Control | Powerful Octa-Core Processor | Daraz.com.np",['https://static-01.daraz.com.np/p/63b3fa630e13ba31f18a7e2551d01eed.jpg'],N/A,N/A,"7.8 Ultra Slim Flagship Design 18 W Fast Charger 4 Years plus Lasting Fluency 120 Hz 6.67"" Smooth Display 50 HD Main Camera Dual Speakers + DTS Listen Infrared Remote Control Powerful Octa-Core Processor 5000mAh Battery Dynamic Port Elevate your tech game with the Tecno Spark 30C, a masterpiece of design and innovation. Its ultra-slim, flagship design turns heads and slips seamlessly into your lifestyle. Stay ahead with the 18W Fast Charger, powering your day with lightning speed. Revel in uninterrupted performance with an impressive 4+ years of lasting fluency, ensuring your device keeps up with your fast-paced life.Dive into the vibrant world of the 120Hz 6.67"" smooth display, delivering unparalleled clarity and fluidity. Capture every moment in stunning detail with the 50MP HD main camera, making your photos come to life. Immerse yourself in a symphony of sound with dual speakers and DTS Listen, transforming your audio experience.Convenience meets innovation with the infrared remote control, putting the power to manage your devices right in your hand. Powered by a mighty octa-core processor, the Tecno Spark 30C offers blazing-fast performance, ready to tackle any task you throw at it. Discover the perfect blend of style, power, and functionality with the Tecno Spark 30C."
https://www.daraz.com.np/products/zte-nubia-v70-design-8128-5000-mah-battery-67-inch-120-hz-display-50-mp-ai-camera-i295951896.html,ZTE Nubia V70 Design (8+128) | 5000 mAh battery | 6.7 inch 120 Hz Display | 50 MP AI Camera | Daraz.com.np,['https://static-01.daraz.com.np/p/b4d1f0b10e1925c51844956a4050d4b5.png'],N/A,N/A,"unisoc T606 Octa-Core 1.6Ghz MyOS 14 , based on Android U 6.7 inch HD+ hole ,120 Hz Display : 1600*720 , 550 nits 8 GB ram /128 GB internal memory Rear camera 50 MP + AI camera Front camera 16 MP 5000 mAh battery nano sim + nano sim 22.5w charger Face and Finger print unlock unisoc T606Octa-Core 1.6GhzMyOS 14 , based on Android U6.7 inch HD+ hole ,120 HzDisplay : 1600*720 , 550 nits8 GB ram /128 GB internal memoryRear camera 50 MP + AI cameraFront camera 16 MP5000 mAh batterynano sim + nano sim22.5w chargerFace and Finger print unlock"
